Name,Ticker,Sub-Sector,Market Cap,Close Price,PE Ratio
Cera Sanitaryware Ltd,CERA,Building Products - Ceramics,4986.907297,3834.35,44.03839012
TV18 Broadcast Ltd,TV18BRDCST,TV Channels & Broadcasters,4963.072663,28.95,20.47641168
Solara Active Pharma Sciences Ltd,SOLARA,Pharmaceuticals,4947.468148,1377.75,31.63351386
Gujarat Narmada Valley Fertilizers & Chemicals Ltd,GNFC,Fertilizers & Agro Chemicals,4943.871487,318.1,9.731838915
Cochin Shipyard Ltd,COCHINSHIP,Shipbuilding,4939.341645,375.5,7.815413994
Sobha Ltd,SOBHA,Real Estate,4927.716293,519.55,17.49464371
Balrampur Chini Mills Ltd,BALRAMCHIN,Sugar,4920.3,234.3,10.30533494
Nazara Technologies Ltd,NAZARA,Theme Parks & Gaming,4912.956032,1613.3,-2110.555283
Lux Industries Ltd,LUXIND,Apparel & Accessories,4896.430435,1938.95,43.76759898
Gujarat Pipavav Port Ltd,GPPL,Ports,4892.411889,101.2,15.3160689
KEI Industries Ltd,KEI,Cables,4883.643055,543.5,17.8582984
NCC Ltd,NCC,Construction & Engineering,4857.428073,79.65,14.32499056
V I P Industries Ltd,VIPIND,Apparel & Accessories,4818.920442,341,43.1300496
IFB Industries Ltd,IFBIND,Auto Parts,4801.477326,1185,188.3583483
Karur Vysya Bank Ltd,KARURVYSYA,Private Banks,4755.958278,59.5,20.23455244
Godfrey Phillips India Ltd,GODFRYPHLP,FMCG - Tobacco,4711.429061,906.15,12.24192969
Supreme Petrochem Ltd,SUPPETRO,Specialty Chemicals,4689.280966,498.75,46.85811745
Nippon India Gold Bees ETF,GOLDBEES,Gold,4670.118195,40.45,
Responsive Industries Ltd,RESPONIND,Building Products - Granite,4612.251456,172.8,187.7450328
CSB Bank Ltd,CSBBANK,Private Banks,4524.686884,268.55,268.766649
KRBL Ltd,KRBL,Packaged Foods & Meats,4514.778129,191.8,8.088391072
Great Eastern Shipping Company Ltd,GESHIP,Oil & Gas - Storage & Transportation,4505.992399,306.6,22.03575267
Delta Corp Ltd,DELTACORP,Theme Parks & Gaming,4469.250695,167.5,24.4476357
MAS Financial Services Ltd,MASFIN,Diversified Financials,4436.64472,811.65,24.65213491
Sun Pharma Advanced Research Co Ltd,SPARC,Pharmaceuticals,4391.916201,167.6,-14.05820742
JSW Holdings Ltd,JSWHL,Asset Management,4386.860211,3963.45,41.21826751
Rashtriya Chemicals and Fertilizers Ltd,RCF,Fertilizers & Agro Chemicals,4366.611312,79.15,21.08150105
Hindustan Foods Ltd,HNDFDS,FMCG - Foods,4339.458547,2047.1,161.9150618
Suzlon Energy Ltd,SUZLON,Renewable Energy Equipment & Services,4339.086514,5.1,-1.026816288
Home First Finance Company India Ltd,HOMEFIRST,Home Financing,4301.377564,492.15,28.1387344
Engineers India Ltd,ENGINERSIN,Construction & Engineering,4271.522035,76,11.3310366
Spicejet Ltd,SPICEJET,Airlines,4269.656696,71.05,-4.550936408
Mazagon Dock Shipbuilders Ltd,MAZDOCK,Shipbuilding,4263.7266,211.4,9.434034084
Hathway Cable and Datacom Ltd,HATHWAY,Cable & D2H,4257.101323,24.05,41.04021327
Ircon International Ltd,IRCON,Construction & Engineering,4234.672119,90.05,8.725705465
Bharat Rasayan Ltd,BHARATRAS,Fertilizers & Agro Chemicals,4224.883325,9943.85,26.80083307
Star Cement Ltd,STARCEMENT,Cement,4215.024349,102.2,14.88276081
Sunteck Realty Ltd,SUNTECK,Real Estate,4211.769477,287.7,40.26717223
Bajaj Consumer Care Ltd,BAJAJCON,FMCG - Personal Products,4182.763508,283.5,22.63273977
Eclerx Services Ltd,ECLERX,Outsourced services,4151.79022,1220.9,21.58499757
Advanced Enzyme Technologies Ltd,ADVENZYMES,Specialty Chemicals,4142.331357,370.75,32.02299354
Hemisphere Properties India Ltd,HEMIPROP,Real Estate,4085.475,143.35,-2688.284046
Welspun Corp Ltd,WELCORP,Iron & Steel,4055.44792,155.45,6.435013836
Maharashtra Scooters Ltd,MAHSCOOTER,Two Wheelers,4030.970219,3527.1,22.40423643
Valiant Organics Ltd,VALIANTORG,Commodity Chemicals,4012.470922,1477.7,38.43015871
IndoStar Capital Finance Ltd,INDOSTAR,Consumer Finance,4004.532098,323.65,-9.207820067
Suprajit Engineering Ltd,SUPRAJIT,Auto Parts,3952.096725,282.55,38.01920851
Kama Holdings Ltd,KAMAHOLD,,3928.900484,6088.85,7.409804206
Railtel Corporation of India Ltd,RAILTEL,Communication & Networking,3921.867334,122.2,27.80480208
Jindal Stainless Ltd,JSL,Iron & Steel,3878.387416,79.6,53.93292085
IRB Infrastructure Developers Ltd,IRB,Construction & Engineering,3872.979,110.2,5.372720084
Network18 Media & Investments Ltd,NETWORK18,Movies & TV Serials,3868.474778,36.95,-16.16863908
Hinduja Global Solutions Ltd,HGS,Outsourced services,3862.396561,1850.05,19.10372083
Mahindra Logistics Ltd,MAHLOG,Logistics,3861.597919,538.8,69.88414883
Indiabulls Real Estate Ltd,IBREALEST,Real Estate,3856.1406,85.4,32.03098504
Spandana Sphoorty Financial Ltd,SPANDANA,Consumer Finance,3847.995348,598.3,10.54980312
Tasty Bite Eatables Ltd,TASTYBITE,Packaged Foods & Meats,3832.11572,14934.2,93.80944235
Moil Ltd,MOIL,Mining - Manganese,3781.819752,159.35,15.88674841
Sudarshan Chemical Industries Ltd,SUDARSCHEM,Diversified Chemicals,3780.500123,546.1,26.15900998
Praj Industries Ltd,PRAJIND,Construction & Engineering,3733.658009,203.6,52.88163198
IOL Chemicals and Pharmaceuticals Ltd,IOLCP,Commodity Chemicals,3723.396464,634.25,9.986686081
HMT Ltd,HMT,Industrial Machinery,3696.561335,30.7,4.398988737
Tata Steel Long Products Ltd,TATASTLLP,Iron & Steel,3692.5625,818.75,-5.007499774
Isgec Heavy Engineering Ltd,ISGEC,,3645.593106,495.8,24.89819086
Nesco Ltd,NESCO,Real Estate,3645.246031,517.35,15.58463459
Orient Refractories Ltd,ORIENTREF,Cement,3640.818456,303.05,41.9111138
Gulf Oil Lubricants India Ltd,GULFOILLUB,Commodity Chemicals,3639.642731,723.45,17.84298927
Gujarat State Fertilizers and Chemicals Ltd,GSFC,Fertilizers & Agro Chemicals,3590.282545,90.1,32.76104157
Mishra Dhatu Nigam Ltd,MIDHANI,Metals - Diversified,3581.9408,191.2,22.65330635
Caplin Point Laboratories Ltd,CAPLIPOINT,Pharmaceuticals,3581.684213,473.5,16.65624343
Privi Speciality Chemicals Ltd,PRIVISCL,Specialty Chemicals,3571.50321,914.3,126.9730463
Nippon India Nifty 50 Bees ETF,NIFTYBEES,Equity,3541.054177,158.78,
Jindal Poly Films Ltd,JINDALPOLY,Packaging,3533.563529,807,7.47891213
Phillips Carbon Black Ltd,PHILIPCARB,Commodity Chemicals,3509.652373,203.65,12.24798646
Apollo Tricoat Tubes Ltd,APOLLOTRI,,3500.256,1151.4,79.14853289
Techno Electric & Engineering Company Ltd,TECHNOE,Construction & Engineering,3483.15,316.65,19.68519876
Dhanuka Agritech Ltd,DHANUKA,Fertilizers & Agro Chemicals,3471.715379,745.35,25.08666086
Mastek Ltd,MASTEK,IT Services & Consulting,3438.671394,1362.65,30.20603942
Meghmani Organics Ltd,MEGH,Commodity Chemicals,3425.612422,134.7,14.2644698
ICRA Ltd,ICRA,Stock Exchanges & Ratings,3367.036928,3500.3,35.12393831
TCI Express Ltd,TCIEXP,Logistics,3349.953199,871.6,37.5067958
Kaveri Seed Company Ltd,KSCL,Seeds,3310.750563,556.9,13.27039343
Swan Energy Ltd,SWANENERGY,Textiles,3291.363075,134.75,-563.5895676
Triveni Turbine Ltd,TRITURBINE,Heavy Electrical Equipments,3279.934135,101.45,26.93327423
Jindal Stainless (Hisar) Ltd,JSLHISAR,Iron & Steel,3271.234408,138.65,8.326505988
HFCL Ltd,HFCL,Telecom Equipments,3255.896187,25.35,14.27222842
KSB Ltd,KSB,Industrial Machinery,3250.008394,933.7,34.65566639
CCL Products India Ltd,CCL,Tea & Coffee,3245.216108,243.95,19.55656327
Gujarat Ambuja Exports Ltd,GAEL,Agro Products,3191.201117,139.15,21.88048227
India Tourism Development Corp Ltd,ITDC,Tour & Travel Services,3189.763986,371.9,152.8396735
Borosil Renewables Ltd,BORORENEW,Health Care Equipment & Supplies,3172.552649,243.95,12762.67978
Paisalo Digital Ltd,PAISALO,Consumer Finance,3168.531549,749.2,57.36474269
Magma Fincorp Ltd,MAGMA,Consumer Finance,3163.952115,117.35,116.8813696
MTAR Technologies Ltd,MTARTECH,Industrial Machinery,3163.16254,1028.35,90.27823067
DCB Bank Ltd,DCBBANK,Private Banks,3156.599589,101.65,9.324293332
Shilpa Medicare Ltd,SHILPAMED,Pharmaceuticals,3153.868049,386.85,20.20026957
Allcargo Logistics Ltd,ALLCARGO,Logistics,3153.502051,128.35,14.1412648
IRB InvIT Fund,IRBINVIT,Roads,3130.056,53.92,18.12439467
INOX Leisure Ltd,INOXLEISUR,Theatres,3094.336464,275.1,188.2175796
Greaves Cotton Ltd,GREAVESCOT,Industrial Machinery,3081.986577,133.3,24.53070819
Ge T&D India Ltd,GET&D,Heavy Electrical Equipments,3077.679351,120.2,-10.172129
Neuland Laboratories Ltd,NEULANDLAB,Pharmaceuticals,3063.456746,2387.75,190.0255559
Craftsman Automation Ltd,CRAFTSMAN,Industrial Machinery,3052.618373,1444.8,70.7684705
TCNS Clothing Co Ltd,TCNSBRANDS,Apparel & Accessories,3051.208338,495.95,43.86464067
Chalet Hotels Ltd,CHALET,"Hotels, Resorts & Cruise Lines",3034.353187,148,30.45621989
Gujarat Alkalies And Chemicals Ltd,GUJALKALI,Commodity Chemicals,3032.210757,412.9,9.131056156
Saregama India Ltd,SAREGAMA,Movies & TV Serials,3028.814205,1737.9,68.89208045
Nocil Ltd,NOCIL,Commodity Chemicals,3001.917488,180.6,22.87559355
Tata Metaliks Ltd,TATAMETALI,Iron & Steel,2986.284175,945.7,16.00481139
Nilkamal Ltd,NILKAMAL,Plastic Products,2943.318831,1972.4,20.71592646
JK Tyre & Industries Ltd,JKTYRE,Tires & Rubber,2937.534398,119.3,19.48483947
Indoco Remedies Ltd,INDOCO,Pharmaceuticals,2922.548509,317.15,121.2172754
ELANTAS Beck India Ltd,ELANTAS,,2906.446775,3666.2,47.05686048
National Fertilizers Ltd,NFL,Fertilizers & Agro Chemicals,2879.695208,58.7,-15.90464602
ESAB India Ltd,ESABINDIA,Industrial Machinery,2874.72345,1867.55,40.25659502
Jamna Auto Industries Ltd,JAMNAAUTO,Auto Parts,2868.939972,72,59.86327693
Hawkins Cookers Ltd,HAWKINCOOK,,2861.659722,5411.8,39.47116858
Godawari Power and Ispat Ltd,GPIL,Iron & Steel,2854.312188,810.05,17.11423545
Mahindra Holidays and Resorts India Ltd,MHRIL,"Hotels, Resorts & Cruise Lines",2846.561978,214.15,-21.55475197
Equitas Holdings Ltd,EQUITAS,Consumer Finance,2833.440053,82.9,13.84134421
Suryoday Small Finance Bank Ltd,SURYODAY,Private Banks,2814.589506,265.2,20.05595727
Sharda Cropchem Ltd,SHARDACROP,Fertilizers & Agro Chemicals,2775.633529,307.65,16.85573285
Lemon Tree Hotels Ltd,LEMONTREE,"Hotels, Resorts & Cruise Lines",2766.153156,35,-290.0648036
Uflex Ltd,UFLEX,Packaging,2755.590306,381.6,7.458667936
BSE Ltd,BSE,Stock Exchanges & Ratings,2744.906267,609.65,24.13602181
Mahindra Lifespace Developers Ltd,MAHLIFE,Real Estate,2725.110027,530.35,-14.08213147
Ashoka Buildcon Ltd,ASHOKA,Construction & Engineering,2721.611589,96.95,16.46169231
Alembic Ltd,ALEMBICLTD,Pharmaceuticals,2719.319559,105.9,9.20541436
Bhansali Engg Polymers Ltd,BEPL,Commodity Chemicals,2717.534383,163.8,40.55416181
Polyplex Corp Ltd,POLYPLEX,Commodity Chemicals,2716.546699,865.35,9.813456818
Barbeque-Nation Hospitality Ltd,BARBEQUE,Restaurants & Cafes,2712.851399,722.6,-62.43920118
Future Retail Ltd,FRETAIL,Retail - Department Stores,2689.729032,49.6,220.7772046
PTC India Ltd,PTC,Power Trading & Consultancy,2686.275513,90.75,7.308598866
Kirloskar Ferrous Industries Ltd,KIRLFER,Iron & Steel,2677.046977,193.5,23.71791612
Deepak Fertilisers and Petrochemicals Corp Ltd,DEEPAKFERT,Fertilizers & Agro Chemicals,2666.01059,259.65,27.23503061
Religare Enterprises Ltd,RELIGARE,Investment Banking & Brokerage,2662.883704,102.65,-2.614912508
Heranba Industries Ltd,HERANBA,,2632.886129,658,26.29342822
Indo Count Industries Ltd,ICIL,Textiles,2613.571631,132.4,35.4238497
HIL Ltd,HIL,Cement,2588.373905,3454.6,24.45874732
Nippon India Liquid Bees ETF,LIQUIDBEES,Debt,2580.812992,999.99,
Ujjivan Financial Services Ltd,UJJIVAN,Consumer Finance,2566.941305,211,9.07269815
HLE Glascoat Ltd,HLEGLAS,Industrial Machinery,2552.137564,2450.7,62.26430172
Tata Teleservices (Maharashtra) Ltd,TTML,Telecom Services,2531.631406,12.95,-0.681625308
NIIT Ltd,NIITLTD,Education Services,2530.893816,177.8,2.068426264
Nirlon Ltd,NIRLON,,2503.479151,277.8,22.87117807
Angel Broking Ltd,ANGELBRKG,Investment Banking & Brokerage,2496.117596,305.05,26.66918721
Jindal SAW Ltd,JINDALSAW,Building Products - Pipes,2492.710666,78.4,4.519024997
JK Paper Ltd,JKPAPER,Paper Products,2478.356293,146.3,5.486206447
Kirloskar Oil Engines Ltd,KIRLOSENG,Industrial Machinery,2475.7893,171.2,13.36965807
Kennametal India Ltd,KENNAMET,Industrial Machinery,2466.507984,1122.25,72.75834761
Rupa & Company Ltd,RUPA,Apparel & Accessories,2466.454228,310.15,39.95050668
Paushak Ltd,PAUSHAKLTD,,2462.45498,7989.5,70.51703838
Subex Ltd,SUBEXLTD,Software Services,2443.100069,45.15,-14.60069264
Oriental Aromatics Ltd,OAL,Specialty Chemicals,2428.77858,721.7,28.17935468
La Opala R G Ltd,LAOPALA,Housewares,2414.25,217.5,28.6489854
Greenpanel Industries Ltd,GREENPANEL,Wood Products,2402.270668,195.9,83.12355253
Minda Corporation Ltd,MINDACORP,Auto Parts,2396.301673,102.2,-11.57207966
Raymond Ltd,RAYMOND,Apparel & Accessories,2394.657104,359.7,11.56388052
Forbes & Company Ltd,FORBESCO,,2363.800368,1832.6,-7.281970266
Greenlam Industries Ltd,GREENLAM,Building Products - Laminates,2359.692604,977.65,27.22617519
Tata Coffee Ltd,TATACOFFEE,Tea & Coffee,2345.835847,125.6,28.4654271
Matrimony.Com Ltd,MATRIMONY,Online Services,2344.33449,1025,78.93181656
Greenply Industries Ltd,GREENPLY,Wood Products,2332.98619,190.25,49.3753691
Schneider Electric Infrastructure Ltd,SCHNEIDER,Heavy Electrical Equipments,2307.353938,96.5,-78.03023124
DEN Networks Ltd,DEN,Cable & D2H,2305.163194,48.35,32.95444761
Venky's (India) Ltd,VENKEYS,Packaged Foods & Meats,2294.90875,1628.75,-84.47992824
Ramco Industries Ltd,RAMCOIND,Cement,2294.837829,264.8,13.53647041
Marksans Pharma Ltd,MARKSANS,Pharmaceuticals,2292.156709,56,19.58773465
Shree Renuka Sugars Ltd,RENUKA,Sugar,2288.126506,10.75,0.981616896
Ingersoll-Rand (India) Ltd,INGERRAND,Industrial Machinery,2287.41728,724.6,27.03802931
Unichem Laboratories Ltd,UNICHEMLAB,Pharmaceuticals,2282.906444,324.25,-37.92857532
Healthcare Global Enterprises Ltd,HCG,Hospitals & Diagnostic Centres,2263.988669,180.6,-14.94644094
GHCL Ltd,GHCL,Commodity Chemicals,2253.715144,237.2,5.772459896
Triveni Engineering and Industries Ltd,TRIVENI,Sugar,2239.861094,92.65,6.993445448
Gateway Distriparks Ltd,GDL,Logistics,2238.30783,179.3,19.45151408
Shoppers Stop Ltd,SHOPERSTOP,Retail - Department Stores,2229.28138,203.85,-13.34154476
Balmer Lawrie and Company Ltd,BALMLAWRIE,Conglomerates,2220.48494,129.85,13.77111966
IFCI Ltd,IFCI,Specialized Finance,2218.311918,11.7,-8.61096996
Orient Cement Ltd,ORIENTCEM,Cement,2201.314826,107.45,25.42230517
Jaiprakash Power Ventures Ltd,JPPOWER,Renewable Energy,2188.944349,3.2,-0.949920526
Easy Trip Planners Ltd,EASEMYTRIP,Tour & Travel Services,2187.567075,201.35,66.33011143
Neogen Chemicals Ltd,NEOGEN,Specialty Chemicals,2186.802601,937.15,71.00325807
LT Foods Ltd,DAAWAT,Packaged Foods & Meats,2182.940623,68.25,11.83101525
Vesuvius India Ltd,VESUVIUS,Industrial Machinery,2182.336002,1075.25,41.13734217
Newgen Software Technologies Ltd,NEWGEN,Software Services,2174.661281,313.9,29.67839768
Transport Corporation of India Ltd,TCI,Logistics,2173.056454,281.85,15.19410269
Astec Lifesciences Ltd,ASTEC,Fertilizers & Agro Chemicals,2172.553663,1109.15,45.65558527
Somany Home Innovation Ltd,SHIL,Home Furnishing,2159.131837,298.65,46.69402761
Bannari Amman Sugars Ltd,BANARISUG,Sugar,2145.98156,1711.35,22.44046387
Borosil Ltd,BOROLTD,Housewares,2144.875382,187.95,29.9741191
Eveready Industries India Ltd,EVEREADY,Batteries,2137.36888,294.05,11.9888315
Hikal Ltd,HIKAL,Pharmaceuticals,2133.102975,173,25.26475157
Garden Reach Shipbuilders & Engineers Ltd,GRSE,Shipbuilding,2127.23064,185.7,13.01217666
Maithan Alloys Ltd,MAITHANALL,Iron & Steel,2123.396457,729.4,9.563556533
Mrs. Bectors Food Specialities Ltd,BECTORFOOD,FMCG - Foods,2113.699574,359.8,67.80190305
Goodyear India Ltd,GOODYEAR,Tires & Rubber,2109.316733,914.45,23.74287182
Motilal Oswal NASDAQ 100 ETF,N100,Equity,2106.849474,1013.47,
VRL Logistics Ltd,VRLLOG,Logistics,2096.872519,232.1,23.26756013
Huhtamaki India Ltd,HUHTAMAKI,Packaging,2096.866498,277.65,21.84500393
JTEKT India Ltd,JTEKTINDIA,Auto Parts,2093.975217,85.65,69.17658464
Surya Roshni Ltd,SURYAROSNI,Iron & Steel,2076.275563,387.3,20.54860617
Subros Ltd,SUBROS,Auto Parts,2062.754415,316.2,24.31919848
Prime Focus Ltd,PFOCUS,Animation,2049.855499,68.5,-15.58608429
MSTC Ltd,MSTCLTD,Commodities Trading,2036.672,289.3,20.99445418
Agro Tech Foods Ltd,ATFL,Packaged Foods & Meats,2012.977101,849.9,61.22210308
Karnataka Bank Ltd,KTKBANK,Private Banks,1995.783403,64.2,4.622325615
Repco Home Finance Ltd,REPCOHOME,Consumer Finance,1980.067107,316.5,6.641400373
Ahluwalia Contracts (India) Ltd,AHLUCONT,Construction & Engineering,1973.11858,294.55,30.63848726
Jaiprakash Associates Ltd,JPASSOCIAT,Conglomerates,1967.611361,8.05,1.787118496
Kirloskar Brothers Ltd,KIRLOSBROS,Industrial Machinery,1958.62116,246.65,27.23711806
Somany Ceramics Ltd,SOMANYCERA,Building Products - Ceramics,1925.721117,454.4,128.3814078
JBM Auto Ltd,JBMA,Auto Parts,1923.644352,406.7,25.87974433
Jammu and Kashmir Bank Ltd,J&KBANK,Private Banks,1922.750278,26.95,-1.446994036
Gujarat Mineral Development Corporation Ltd,GMDCLTD,Mining - Diversified,1912.77,60.15,9.373107267
Dishman Carbogen Amcis Ltd,DCAL,Labs & Life Sciences Services,1897.07545,121,10.67918508
ADF Foods Ltd,ADFFOODS,Packaged Foods & Meats,1892.046832,944.95,47.66665535
Pilani Investment And Industries Corporation Ltd,PILANIINVS,Asset Management,1890.420604,1707.35,10.80541355
Himadri Speciality Chemical Ltd,HSCL,Commodity Chemicals,1885.343751,45,9.168465624
Maharashtra Seamless Ltd,MAHSEAMLES,Building Products - Pipes,1884.029483,281.2,22.46368765
Action Construction Equipment Ltd,ACE,Heavy Machinery,1871.337902,164.9,36.24756354
Hester Biosciences Ltd,HESTERBIO,Biotechnology,1871.170025,2199.6,64.14706978
Camlin Fine Sciences Ltd,CAMLINFINE,Specialty Chemicals,1866.577615,146.4,58.5281405
Navneet Education Ltd,NAVNETEDUL,Publishing,1866.438928,81.55,9.462781016
Tinplate Company of India Ltd,TINPLATE,Iron & Steel,1858.897251,177.6,19.58347175
HG Infra Engineering Ltd (Part IX),HGINFRA,Construction & Engineering,1854.443964,284.55,11.13111606
Kolte-Patil Developers Ltd,KOLTEPATIL,Real Estate,1852.227447,243.7,25.51946592
Mayur Uniquoters Ltd,MAYURUNIQ,Textiles,1851.08484,415.25,23.595695
Ge Power India Ltd,GEPIL,Construction & Engineering,1839.007469,273.55,21.73767694
Sagar Cements Ltd,SAGCEM,Cement,1832.4125,779.75,62.29096078
Dish TV India Ltd,DISHTV,Cable & D2H,1822.874639,9.9,-1.112288972
INEOS Styrolution India Ltd,INEOSSTYRO,Commodity Chemicals,1814.924428,1032.05,-190.4432768
South Indian Bank Ltd,SOUTHBANK,Private Banks,1810.220981,8.65,14.96551014
Olectra Greentech Ltd,OLECTRA,Electrical Components & Equipments,1804.134599,219.8,131.1501552
Ramco Systems Ltd,RAMCOSYS,IT Services & Consulting,1800.766628,586.3,178.0601702
Apar Industries Ltd,APARINDS,Electrical Components & Equipments,1793.458829,468.65,13.27013562
Shriram Pistons & Rings Ltd,SHRIPISTON,Auto Parts,1790.104835,800.05,24.50855469
S H Kelkar and Company Ltd,SHK,Specialty Chemicals,1785.905974,129.4,51.83642939
DFM Foods Ltd,DFMFOODS,Packaged Foods & Meats,1780.845924,354.25,72.68998204
PDS Multinational Fashions Ltd,PDSMFL,Apparel & Accessories,1767.400457,678.55,38.40505122
Ramkrishna Forgings Ltd,RKFORGE,Rail,1765.493342,554.6,186.4329295
Thomas Cook (India) Ltd,THOMASCOOK,Tour & Travel Services,1760.012396,47.45,-4086.285951
Amrutanjan Health Care Ltd,AMRUTANJAN,Pharmaceuticals,1748.556864,598.55,69.76073998
Garware Polyester Ltd,GARWARPOLY,,1744.17198,750.75,20.0617895
Morepen Laboratories Ltd,MOREPENLAB,Pharmaceuticals,1740.827406,38.7,51.83739415
TV Today Network Ltd,TVTODAY,TV Channels & Broadcasters,1737.848412,291.25,12.46774754
Arvind Ltd,ARVIND,Apparel & Accessories,1737.380503,67.1,18.14772422
ICICI Prudential Nifty 50 ETF,ICICINIFTY,Equity,1732.283569,157.67,
ICICI Prudential Gold ETF,ICICIGOLD,Gold,1718.234336,41.48,
HDFC Gold ETF,HDFCMFGETF,Gold,1717.423947,41.51,
Puravankara Ltd,PURVA,Real Estate,1707.477739,72,19.33039049
Kirloskar Pneumatic Company Ltd,KIRLPNU,,1706.939222,265.6,31.88788933
Wardwizard Innovations & Mobility Ltd,WARDINMOBI,,1694.01504,77.2,-330.9223656
Federal-Mogul Goetze (India) Ltd,FMGOETZE,Auto Parts,1681.481129,302.25,51.7378809
Stove Kraft Ltd,STOVEKRAFT,Home Electronics & Appliances,1675.091209,514.65,402.5463149
Tejas Networks Ltd,TEJASNET,Telecom Equipments,1672.26557,179.35,-7.184708584
Filatex India Ltd,FILATEX,Textiles,1661.65545,75.25,13.54057098
Welspun Enterprises Ltd,WELENT,Construction & Engineering,1659.089904,111.45,11.09937766
Jagran Prakashan Ltd,JAGRAN,Publishing,1655.177218,59.5,6.284359243
Dalmia Bharat Sugar and Industries Ltd,DALMIASUG,Sugar,1645.900727,203.35,8.519595872
JSW Ispat Special Products Ltd,JSWISPL,Iron & Steel,1641.068631,34.95,-3.336319085
Swaraj Engines Ltd,SWARAJENG,Tractors,1638.437857,1349.8,23.04545266
National Peroxide Ltd,NATPEROX,,1631.659505,2839.15,91.10326661
Sarda Energy & Minerals Ltd,SARDAEN,Iron & Steel,1629.06493,451.9,12.89429262
Jai Corp Ltd,JAICORPLTD,Textiles,1622.997384,90.95,48.47783595
Automotive Axles Ltd,AUTOAXLES,Auto Parts,1614.487849,1068.35,39.25329076
Nucleus Software Exports Ltd,NUCLEUS,Software Services,1610.308146,554.5,18.09538314
DB Corp Ltd,DBCORP,Publishing,1607.015655,91.85,5.843299451
Va Tech Wabag Ltd,WABAG,Water Management,1604.513042,258,15.51245649
VST Tillers Tractors Ltd,VSTTILLERS,Tractors,1599.910993,1851.85,88.88394404
Gabriel India Ltd,GABRIEL,Auto Parts,1598.757052,111.3,18.87329775
Orissa Minerals Development Company Ltd,ORISSAMINE,Mining - Diversified,1595.52,2659.2,-20.80479854
Chemcon Speciality Chemicals Ltd,CHEMCON,Specialty Chemicals,1591.237651,434.4,28.25467049
Time Technoplast Ltd,TIMETECHNO,Plastic Products,1587.550185,70.2,9.38656764
PSP Projects Ltd,PSPPROJECT,Construction & Engineering,1575.9,437.75,12.26572229
Ion Exchange (India) Ltd,IONEXCHANG,,1575.353717,1281.5,19.50180532
Prakash Industries Ltd,PRAKASH,Iron & Steel,1574.129365,87.9,13.41916148
Anant Raj Ltd,ANANTRAJ,Real Estate,1571.387984,53.25,54.16711423
Bengal & Assam Company Ltd,BENGALASM,,1570.754408,1390.5,2.953162016
Suvidhaa Infoserve Ltd,SUVIDHAA,Online Services,1569.427287,77.2,1544
IIFL Securities Ltd,IIFLSEC,Diversified Financials,1563.146303,51.6,3.318012281
Force Motors Ltd,FORCEMOT,Four Wheelers,1561.255284,1184.9,31.11930007
Kalyani Steels Ltd,KSL,Iron & Steel,1560.37863,357.45,11.45079823
Nippon India Junior Bees ETF,JUNIORBEES,Equity,1559.692537,369.62,
Inox Wind Ltd,INOXWIND,Heavy Electrical Equipments,1558.975538,70.25,-5.573542375
Heritage Foods Ltd,HERITGFOOD,FMCG - Foods,1532.98992,330.4,-9.563255895
SBI Gold ETF,SETFGOLD,Gold,1529.242464,4149.7,
Tide Water Oil Co India Ltd,TIDEWATER,Commodity Chemicals,1522.178626,4478.35,12.78564155
Lumax Industries Ltd,LUMAXIND,Auto Parts,1521.43686,1627.6,21.1575144
Bombay Dyeing and Mfg Co Ltd,BOMDYEING,Textiles,1515.966166,73.4,4.624244779
Sasken Technologies Ltd,SASKEN,Software Services,1512.751205,1007.25,20.54684266
West Coast Paper Mills Ltd,WSTCSTPAPR,Paper Products,1511.199015,228.8,4.080131257
Chennai Petroleum Corporation Ltd,CHENNPETRO,Oil & Gas - Refining & Marketing,1508.472482,101.3,-0.733550127
Balu Forge Industries Ltd,BALUFORGE,,1495.807,218,190.75
Dollar Industries Ltd,DOLLAR,Apparel & Accessories,1481.425054,261.2,25.83129999
RattanIndia Power Ltd,RTNPOWER,Power Generation,1476.779112,2.75,6.565325581
Indian Metals and Ferro Alloys Ltd,IMFA,Iron & Steel,1476.049455,547.15,-22.26318936
Himatsingka Seide Ltd,HIMATSEIDE,Textiles,1471.442256,149.45,111.0522458
Kiri Industries Ltd,KIRIINDUS,Specialty Chemicals,1467.571663,439.45,3.801524961
Novartis India Ltd,NOVARTIND,Pharmaceuticals,1455.399029,589.45,144.3848243
Ashiana Housing Ltd,ASHIANA,Real Estate,1440.094033,140.7,-47.62215717
Savita Oil Technologies Ltd,SOTL,Commodity Chemicals,1437.712906,1021.75,15.16662346
GTPL Hathway Ltd,GTPL,Cable & D2H,1432.779104,127.4,18.42802706
Panacea Biotec Ltd,PANACEABIO,Biotechnology,1429.898665,233.45,-8.023288099
I G Petrochemicals Ltd,IGPL,Specialty Chemicals,1420.104508,461.15,68.04137944
CARE Ratings Ltd,CARERATING,Stock Exchanges & Ratings,1416.642475,480.85,17.19852465
Future Consumer Ltd,FCONSUMER,FMCG - Foods,1411.115481,7.15,-4.462081993
JMC Projects (India) Ltd,JMCPROJECT,Construction & Engineering,1407.045325,83.8,1162.846198
J Kumar Infraprojects Ltd,JKIL,Construction & Engineering,1397.163568,184.65,7.610652404
ITD Cementation India Ltd,ITDCEM,Construction & Engineering,1395.77412,81.25,32.34710313
Safari Industries (India) Ltd,SAFARI,Apparel & Accessories,1379.679995,616.3,44.88614545
Arvind Fashions Ltd,ARVINDFASN,Textiles,1379.62624,139.8,-2.40827722
TVS Srichakra Ltd,TVSSRICHAK,Tires & Rubber,1378.230715,1799.95,16.73828898
R Systems International Ltd,RSYSTEMS,IT Services & Consulting,1371.03366,114.6,16.68122271
Capacite Infraprojects Ltd,CAPACITE,Construction & Engineering,1362.921802,200.75,14.97058219
Stylam Industries Ltd,STYLAMIND,,1360.590257,802.8,35.83362834
Apollo Pipes Ltd,APOLLOPIPE,Building Products - Pipes,1359.937838,1045.35,45.98844322
India Glycols Ltd,INDIAGLYCO,Commodity Chemicals,1359.20985,439,11.85219611
Accelya Solutions India Ltd,ACCELYA,Software Services,1348.886207,903.7,15.53900335
IFGL Refractories Ltd,IFGLEXPOR,Industrial Machinery,1347.690072,373.95,69.25437165
Reliance Power Ltd,RPOWER,Power Generation,1346.460704,4.8,-0.33029093
Mukand Ltd,MUKANDLTD,Iron & Steel,1339.820533,94.75,-5.585378243
Prataap Snacks Ltd,DIAMONDYD,Packaged Foods & Meats,1336.705787,569.95,28.49507003
Electrosteel Castings Ltd,ELECTCAST,Building Products - Pipes,1333.500504,30.8,8.016843497
Kotak Gold ETF,KOTAKGOLD,Gold,1324.622485,407.8,
Gati Ltd,GATI,Logistics,1317.626281,108.05,-15.90512244
Hindustan Oil Exploration Company Ltd,HINDOILEXP,Oil & Gas - Exploration & Production,1316.481942,99.55,9.509302
Kirloskar Industries Ltd,KIRLOSIND,Investment Banking & Brokerage,1315.469331,1354.95,13.71852468
3i Infotech Ltd,3IINFOTECH,IT Services & Consulting,1301.407167,8.05,19.24867831
Manali Petrochemicals Ltd,MANALIPETC,Specialty Chemicals,1294.294198,75.25,27.75015973
Sunflag Iron and Steel Co Ltd,SUNFLAG,Iron & Steel,1288.569053,71.5,13.99857744
Dhampur Sugar Mills Ltd,DHAMPURSUG,Sugar,1287.587308,193.95,5.975892772
Sandhar Technologies Ltd,SANDHAR,Auto Parts,1285.071616,213.5,22.58484798
Kesoram Industries Ltd,KESORAMIND,Tires & Rubber,1276.463836,77.45,-6.117529887
Genus Power Infrastructures Ltd,GENUSPOWER,Electronic Equipments,1275.213672,49.55,15.6828797
Kovai Medical Center and Hospital Ltd,KOVAI,,1273.351029,1163.7,13.46321663
India Power Corporation Ltd,DPSCLTD,Power Generation,1261.057584,12.95,95.31803354
Omaxe Ltd,OMAXE,Real Estate,1251.954196,68.45,-12.87753751
SMS Pharmaceuticals Ltd,SMSPHARMA,Pharmaceuticals,1247.770922,147.4,39.52394432
Ganesha Ecosphere Ltd,GANECOS,Textiles,1246.676863,571.1,19.58028683
Quick Heal Technologies Ltd,QUICKHEAL,IT Services & Consulting,1241.780167,193.4,17.51141521
Usha Martin Ltd,USHAMART,Iron & Steel,1240.299981,40.7,2.968073834
KCP Ltd,KCP,Cement,1227.329443,95.2,45.23882946
PC Jeweller Ltd,PCJEWELLER,"Precious Metals, Jewellery & Watches",1226.339266,26.35,12.5341112
Hindustan Construction Company Ltd,HCC,Construction & Engineering,1225.552878,8.1,6.219973963
Cosmo Films Ltd,COSMOFILMS,Packaging,1221.260735,685.35,11.7447603
Bodal Chemicals Ltd,BODALCHEM,Commodity Chemicals,1219.631745,99.7,13.90188277
Confidence Petroleum India Ltd,CONFIPET,Oil & Gas - Storage & Transportation,1214.150971,42.75,22.33202261
Geojit Financial Services Ltd,GEOJITFSL,Investment Banking & Brokerage,1208.556763,50.7,25.68932029
Sharda Motor Industries Ltd,SHARDAMOTR,Auto Parts,1200.622683,2019.1,22.92139524
Shalby Ltd,SHALBY,Hospitals & Diagnostic Centres,1199.576719,112.1,43.30434627
Future Lifestyle Fashions Ltd,FLFL,Retail - Apparel,1198.39551,59.5,-22.2307745
Kotak Nifty 50 ETF,KOTAKNIFTY,Equity,1197.293658,154.91,
Sundaram Finance Holdings Ltd,SUNDARMHLD,Diversified Financials,1195.231533,79.1,15.29798455
PTC India Financial Services Ltd,PFS,Specialized Finance,1194.647003,18.6,10.8604273
Gallantt Ispat Ltd,GALLISPAT,Iron & Steel,1192.974042,42.25,19.69904297
Nava Bharat Ventures Ltd,NBVENTURES,Conglomerates,1190.938764,76.15,3.416731549
Dolat Investments Ltd,DOLAT,Investment Banking & Brokerage,1189.76,67.6,16.74774775
Gujarat Industries Power Company Ltd,GIPCL,Power Generation,1188.078082,78.55,4.791023799
Asian Star Co Ltd,ASTAR,,1187.544492,741.9,18.72507871
Cigniti Technologies Ltd,CIGNITITEC,Software Services,1183.00478,422.2,9.636737221
Onmobile Global Ltd,ONMOBILE,Software Services,1167.223816,111.7,42.80734504
Aarti Surfactants Ltd,AARTISURF,Specialty Chemicals,1163.800073,1534.45,281.6039239
NXTDigital Ltd,NXTDIGITAL,Movies & TV Serials,1157.341723,481.2,-5.873349589
Lumax AutoTechnologies Ltd,LUMAXTECH,Auto Parts,1153.909946,169.3,19.88822716
Mold-Tek Packaging Ltd,MOLDTKPAC,Plastic Products,1152.172038,414.95,30.92464662
Sandur Manganese and Iron Ores Ltd,SANDUMA,,1144.28173,1271.15,7.546348124
Steel Strips Wheels Ltd,SSWL,Auto Parts,1143.783914,732.75,48.73450226
Sanghi Industries Ltd,SANGHIIND,Cement,1140.795,45.45,17.45669472
Butterfly Gandhimathi Appliances Ltd,BUTTERFLY,Home Electronics & Appliances,1135.083295,634.85,284.4820289
MM Forgings Ltd,MMFL,Iron & Steel,1132.80704,469.25,27.16563645
Andrew Yule & Co Ltd,ANDREWYU,,1129.476759,23.1,-55.01591618
Seamec Ltd,SEAMECLTD,Oil & Gas - Equipment & Services,1120.47975,440.7,8.408853659
Voltamp Transformers Ltd,VOLTAMP,Heavy Electrical Equipments,1119.813427,1106.85,12.5286801
MPS Ltd,MPSLTD,Publishing,1118.484361,619.65,19.27481737
BF Investment Ltd,BFINVEST,Asset Management,1117.975199,296.8,7.746502211
Mahanagar Telephone Nigam Ltd,MTNL,Telecom Services,1111.95,17.65,-0.301037163
Punjab Chemicals and Crop Protection Ltd,PUNJABCHEM,Diversified Chemicals,1106.723507,902.55,102.9510239
Jet Airways (India) Ltd,JETAIRWAYS,Airlines,1105.870524,97.35,-0.389192322
Best Agrolife Ltd,BESTAGRO,Diversified Chemicals,1102.704903,416.1,110.7191143
Sadbhav Engineering Ltd,SADBHAV,Construction & Engineering,1100.626682,64.15,1.388207812
Ashapura Minechem Ltd,ASHAPURMIN,Metals - Diversified,1100.37414,126.5,2.838283525
Wonderla Holidays Ltd,WONDERLA,Theme Parks & Gaming,1099.555919,194.5,16.96812475
Yaarii Digital Integrated Services Ltd,YAARII,Business Support Services,1096.917987,122.8,-3.711697585
Excel Industries Ltd,EXCELINDUS,Fertilizers & Agro Chemicals,1091.136066,868,11.35771901
HSIL Ltd,HSIL,Building Products - Ceramics,1087.605165,167.45,57.68107502
Wheels India Ltd,WHEELS,Auto Parts,1083.506724,450.25,22.08533885
Ester Industries Ltd,ESTER,Commodity Chemicals,1080.783117,129.6,10.86323366
Optiemus Infracom Ltd,OPTIEMUS,Technology Hardware,1079.113452,125.75,-12.71789572
Centrum Capital Ltd,CENTRUM,Diversified Financials,1076.797524,27.15,78.22227112
GOCL Corp Ltd,GOCLCORP,Commodity Chemicals,1072.252959,216.3,21.62236255
NRB Bearings Ltd,NRBBEARING,Industrial Machinery,1068.571665,110.25,33.31997708
Vidhi Specialty Food Ingredients Ltd,VIDHIING,Commodity Chemicals,1065.32685,213.3,31.43502462
Dredging Corporation of India Ltd,DREDGECORP,Dredging,1061.48,379.1,192.646098
Astra Micro Wave Products Ltd,ASTRAMICRO,Communication & Networking,1061.426077,122.55,24.10140956
Igarashi Motors India Ltd,IGARASHI,Auto Parts,1055.043609,335.2,35.29754463
Kewal Kiran Clothing Ltd,KKCL,Apparel & Accessories,1048.429272,850.65,14.3581111
Banco Products (India) Ltd,BANCOINDIA,Auto Parts,1045.960256,146.25,13.66018357
Bliss GVS Pharma Ltd,BLISSGVS,Pharmaceuticals,1045.391521,101.35,10.74842197
Suven Life Sciences Ltd,SUVEN,Pharmaceuticals,1040.534258,81.75,-115.0766615
Seshasayee Paper and Boards Ltd,SESHAPAPER,Paper Products,1032.110111,163.65,5.648588612
Fairchem Organics Ltd,FAIRCHEMOR,Specialty Chemicals,1031.841379,792.45,
Digispice Technologies Ltd,DIGISPICE,Telecom Equipments,1028.925687,45.05,-20.83224474
Shanthi Gears Ltd,SHANTIGEAR,Auto Parts,1028.759589,134.1,42.17088482
Balmer Lawrie Investments Ltd,BLIL,,1021.740292,460.3,9.663674379
Sirca Paints India Ltd,SIRCA,Paints,1020.8139,372.5,40.57329524
Vindhya Telelinks Ltd,VINDHYATEL,Telecom Equipments,1020.063033,860.75,4.29663044
Panama Petrochem Ltd,PANAMAPET,Specialty Chemicals,1019.619594,168.55,35.41575527
Ngl Fine Chem Ltd,NGLFINE,,1019.095949,1649.55,122.047419
Manorama Industries Ltd,MANORAMA,,1016.200741,913.2,43.57636111
Tamilnadu Newsprint & Papers Ltd,TNPL,Paper Products,1016.011608,146.8,7.833149546
National Standard (India) Ltd,NATIONSTD,,1010,505,154.6707504
Shankara Building Products Ltd,SHANKARA,Building Products - Pipes,1008.22651,441.25,25.28150727
Indo Rama Synthetics (India) Ltd,INDORAMA,Textiles,1000.063368,38.3,-2.657226159
Ruchi Soya Industries Ltd,RUCHI,Packaged Foods & Meats,19420.4829,656.45,2.66204884
LIC Housing Finance Ltd,LICHSGFIN,Home Financing,19336.16285,383.15,8.045805633
Torrent Power Ltd,TORNTPOWER,Power Transmission & Distribution,19224.67136,400,16.37326693
Tata Chemicals Ltd,TATACHEM,Diversified Chemicals,19114.36354,750.3,4.501195642
Coforge Ltd,COFORGE,IT Services & Consulting,18894.51219,3118.3,43.64160334
Alembic Pharmaceuticals Ltd,APLLTD,Pharmaceuticals,18878.90524,960.45,21.84552853
Sanofi India Ltd,SANOFI,Pharmaceuticals,18641.44606,8094.2,39.03150347
Aavas Financiers Ltd,AAVAS,Home Financing,18269.57911,2171.55,68.19851173
Endurance Technologies Ltd (CN),ENDURANCE,Auto Parts,18218.65207,1295.2,32.21461271
Tata Elxsi Ltd,TATAELXSI,Software Services,18164.48064,2916.75,70.92729651
AIA Engineering Ltd,AIAENG,Industrial Machinery,17939.73437,1902,30.38778775
Bharat Heavy Electricals Ltd,BHEL,Heavy Electrical Equipments,17932.62628,45.05,-10.70026495
Sun Tv Network Ltd,SUNTV,TV Channels & Broadcasters,17887.5009,453.9,12.91367127
Bata India Ltd,BATAINDIA,Footwear,17880.75136,1305.9,51.02575378
Gillette India Ltd,GILLETTE,FMCG - Personal Products,17680.08704,5425.8,76.80983161
Mindspace Business Parks REIT,MINDSPACE,Real Estate,17664.23259,297.87,3.836834292
Aditya Birla Fashion and Retail Ltd,ABFRL,Retail - Apparel,17396.29434,172.9,-83.27246262
Zee Entertainment Enterprises Ltd,ZEEL,TV Channels & Broadcasters,17394.73604,181.1,33.0371288
Godrej Industries Ltd,GODREJIND,Diversified Chemicals,17162.78,510,31.07262988
Indian Bank,INDIANB,Public Banks,17047.65577,104.7,6.619218693
Natco Pharma Ltd,NATCOPHARM,Pharmaceuticals,16810.63578,917.95,36.33696051
City Union Bank Ltd,CUB,Private Banks,16784.41145,159.6,24.65753556
Jubilant Pharmova Ltd,JUBLPHARMA,Pharmaceuticals,16737.70065,734.7,15.01508017
Escorts Ltd,ESCORTS,Tractors,16721.48937,1216,31.56241051
Schaeffler India Ltd,SCHAEFFLER,Auto Parts,16632.42983,5126.95,55.08204288
Dhani Services Ltd,DHANI,Investment Banking & Brokerage,16540.71531,211.35,2814.85635
JSW Energy Ltd,JSWENERGY,Power Generation,16496.42135,92.9,13.86324992
Hatsun Agro Product Ltd,HATSUN,FMCG - Foods,16339.69988,747.8,143.5989356
APL Apollo Tubes Ltd,APLAPOLLO,Building Products - Pipes,16283.316,1230.3,62.96956854
Bank of Maharashtra Ltd,MAHABANK,Public Banks,16236.39328,22.85,24.56949526
Indiabulls Ventures Ltd Partly Paid Up,DHANIPP,,16119.82529,108.95,
Vinati Organics Ltd,VINATIORGA,Specialty Chemicals,16103.89159,1609.3,49.54979115
Wabco India Ltd,WABCOINDIA,Auto Parts,16038.27976,6045.1,72.20462345
Graphite India Ltd,GRAPHITE,Electrical Components & Equipments,16027.22202,583.95,253.7579584
Solar Industries India Ltd,SOLARINDS,Commodity Chemicals,15861.0714,1258.8,42.59390541
Exide Industries Ltd,EXIDEIND,Batteries,15831.25,176.3,19.29256518
Fortis Healthcare Ltd,FORTIS,Hospitals & Diagnostic Centres,15699.35469,205.95,268.3059552
UCO Bank,UCOBANK,Public Banks,15686.69541,11.15,-3.509881402
Linde India Ltd,LINDEINDIA,Commodity Chemicals,15577.97544,1761.7,99.41873589
Indigo Paints Ltd,INDIGOPNTS,Paints,15548.36306,2275.95,137.7231745
Federal Bank Ltd,FEDERALBNK,Private Banks,15510.10685,71.2,8.961359304
Persistent Systems Ltd,PERSISTENT,Software Services,15454.25414,2022.85,46.2332595
Thermax Limited,THERMAX,Industrial Machinery,15423.73123,1339.5,71.003815
Gujarat State Petronet Ltd,GSPL,Gas Distribution,15377.58105,255.45,8.332450761
Mahanagar Gas Ltd,MGL,Gas Distribution,15365.95488,1080.85,13.45481555
Sundram Fasteners Ltd,SUNDRMFAST,Auto Parts,15358.28256,697.35,45.10234812
Kajaria Ceramics Ltd,KAJARIACER,Building Products - Ceramics,15259.84493,899,55.96656141
Cholamandalam Financial Holdings Ltd,CHOLAHLDNG,Diversified Financials,15256.52109,567.5,19.33776798
Rajesh Exports Ltd,RAJESHEXPO,"Precious Metals, Jewellery & Watches",15256.08208,494.25,12.10222293
Navin Fluorine International Ltd,NAVINFLUOR,Specialty Chemicals,15195.01338,2939.55,35.59111117
SKF India Ltd,SKFINDIA,Industrial Machinery,15084.7605,2148.1,36.74787651
Amber Enterprises India Ltd,AMBER,Home Electronics & Appliances,15051.34232,3135.4,62.24195538
IIFL Wealth Management Ltd,IIFLWAM,Asset Management,15024.48228,1178.75,50.28320211
GMR Infrastructure Ltd,GMRINFRA,Construction & Engineering,14999.32401,23.4,-5.813875122
Minda Industries Ltd,MINDAIND,Auto Parts,14990.06981,519.2,88.30627339
Alok Industries Ltd,ALOKINDS,Textiles,14989.96309,20.75,2.825731164
Akzo Nobel India Ltd,AKZOINDIA,Specialty Chemicals,14985.5,2259.55,43.34482582
Ajanta Pharma Ltd,AJANTPHARM,Pharmaceuticals,14960.91037,1708.9,32.16255031
Glenmark Pharmaceuticals Ltd,GLENMARK,Pharmaceuticals,14945.03638,497.95,18.10732941
Procter & Gamble Health Ltd,PGHL,Pharmaceuticals,14787.41418,6198.05,40.49267932
Timken India Ltd,TIMKEN,Industrial Machinery,14653.30188,1366.7,41.7722242
Sumitomo Chemical India Ltd,SUMICHEM,Commodity Chemicals,14637.44871,279.6,52.84478459
KEC International Ltd,KEC,Construction & Engineering,14593.22347,398.35,18.10920077
TTK Prestige Ltd,TTKPRESTIG,Home Electronics & Appliances,14551.71904,7314.05,54.63328675
Aegis Logistics Ltd,AEGISCHEM,Oil & Gas - Storage & Transportation,14412.7796,288.25,97.49516027
Vaibhav Global Ltd,VAIBHAVGBL,Apparel & Accessories,14381.03582,4225.9,72.11689255
Indian Energy Exchange Ltd,IEX,Power Trading & Consultancy,14301.3819,337.85,57.70328427
ITI Ltd,ITI,Telecom Equipments,14212.60757,107.95,65.19648687
Apollo Tyres Limited,APOLLOTYRE,Tires & Rubber,14194.50614,203.5,24.43580414
IIFL Finance Ltd,IIFL,Investment Banking & Brokerage,14124.11194,264.3,26.67625609
Affle (India) Ltd,AFFLE,Advertising,14123.20257,5238.35,199.0152501
CG Power and Industrial Solutions Ltd,CGPOWER,Heavy Electrical Equipments,14118.53831,74.65,-2.16674418
V Guard Industries Ltd,VGUARD,Electrical Components & Equipments,14050.56333,231.6,52.92857925
Central Bank of India Ltd,CENTRALBK,Public Banks,13956.11478,16.9,-6.565663273
Amara Raja Batteries Ltd,AMARAJABAT,Batteries,13939.15406,799.45,20.66526228
National Aluminium Co Ltd,NATIONALUM,Metals - Aluminium,13749.04003,53.7,73.54008636
SJVN Ltd,SJVN,Renewable Energy,13655.60531,24.65,5.850876463
CPSE ETF,CPSEETF,Equity,13576.45822,21.36,
Godrej Agrovet Ltd,GODREJAGRO,Agro Products,13458.83478,504.05,31.61285551
Tanla Platforms Ltd,TANLA,Software Services,13407.07233,936.45,-58.00121689
CRISIL Ltd,CRISIL,Stock Exchanges & Ratings,13391.18731,1812.65,37.02092629
Sheela Foam Ltd,SFL,Home Furnishing,13355.88941,1983.7,50.02866992
Zydus Wellness Ltd,ZYDUSWELL,FMCG - Foods,13347.16036,2115.1,86.06084602
Hindustan Copper Ltd,HINDCOPPER,Mining - Copper,13304.63484,131.25,-21.32344071
Manappuram Finance Ltd,MANAPPURAM,Consumer Finance,13296.38989,145.45,8.362832353
Grindwell Norton Ltd,GRINDWELL,Industrial Machinery,13174.59669,869.75,52.76063993
Indian Hotels Company Ltd,INDHOTEL,"Hotels, Resorts & Cruise Lines",13159.14469,104.6,35.09859301
Oil India Ltd,OIL,Oil & Gas - Exploration & Production,13034.55043,112.65,3.201581029
Carborundum Universal Ltd,CARBORUNIV,Industrial Machinery,12924.30425,500.75,34.79444776
J B Chemicals and Pharmaceuticals Ltd,JBCHEPHARM,Pharmaceuticals,12888.58433,1217.75,35.25555882
Phoenix Mills Ltd,PHOENIXLTD,Real Estate,12876.58851,719.8,32.98086023
Metropolis Healthcare Ltd,METROPOLIS,Hospitals & Diagnostic Centres,12694.09376,2474.95,97.97292209
Chambal Fertilisers and Chemicals Ltd,CHAMBLFERT,Fertilizers & Agro Chemicals,12651.15563,225.35,7.64909512
ICICI Securities Ltd,ISEC,Investment Banking & Brokerage,12621.75811,390.15,23.18883159
RBL Bank Ltd,RBLBANK,Private Banks,12621.2205,188.65,17.64012698
Ratnamani Metals and Tubes Ltd,RATNAMANI,Building Products - Pipes,12571.81242,1998.1,30.35838621
Blue Dart Express Ltd,BLUEDART,Logistics,12557.41587,5234.1,-297.0649841
Alkyl Amines Chemicals Ltd,ALKYLAMINE,Specialty Chemicals,12536.07654,5891.65,59.68728104
Suven Pharmaceuticals Ltd,SUVENPHAR,Pharmaceuticals,12529.68713,480.55,19.29417556
Prestige Estates Projects Ltd,PRESTIGE,Real Estate,12510.89222,300.9,28.95767448
Shriram City Union Finance Ltd,SHRIRAMCIT,Consumer Finance,12439.64333,1400.1,9.035757164
Galaxy Surfactants Ltd,GALAXYSURF,Specialty Chemicals,12419.43793,2592.9,39.8987138
Happiest Minds Technologies Ltd,HAPPSTMNDS,IT Services & Consulting,12371.28725,621.65,31.95911622
Castrol India Ltd,CASTROLIND,Commodity Chemicals,12364.0298,122.7,20.83191851
Motilal Oswal Financial Services Ltd,MOTILALOFS,Diversified Financials,12310.37498,615.65,49.31160695
UTI Sensex 30 ETF,UTISENSETF,Equity,12300.9163,502.45,
India Grid Trust,INDIGRID,Power Transmission & Distribution,12233.11896,128.05,11.36920645
Quess Corp Ltd,QUESS,Employment Services,12215.82451,606.15,-20.00887418
Bajaj Electricals Ltd,BAJAJELEC,Home Electronics & Appliances,12174.66992,1049.25,-1236.539333
KIOCL Ltd,KIOCL,Iron & Steel,12143.48625,147.25,210.6706682
Route Mobile Ltd,ROUTE,IT Services & Consulting,12136.53165,1539.05,132.061953
Computer Age Management Services Ltd,CAMS,Diversified Financials,12061.92717,1797.5,50.56756602
CreditAccess Grameen Ltd,CREDITACC,Consumer Finance,12028.72493,562.05,24.22583953
Intellect Design Arena Ltd,INTELLECT,Software Services,12017.75475,651.8,538.6389646
Sterlite Technologies Ltd,STLTECH,Telecom Equipments,11913.25249,215.4,20.01596681
BASF India Ltd,BASF,Diversified Chemicals,11702.38528,1940.4,453.755443
Finolex Industries Ltd,FINPIPE,Building Products - Pipes,11627.50858,676.1,25.22197117
Blue Star Ltd,BLUESTARCO,Home Electronics & Appliances,11466.0942,867.9,58.35310534
Bombay Burmah Trading Corporation Ltd,BBTC,Tea & Coffee,11408.95781,1185.45,13.83303721
Symphony Ltd,SYMPHONY,Home Electronics & Appliances,11390.88812,1177.05,45.38048325
DCM Shriram Ltd,DCMSHRIRAM,Diversified Chemicals,11281.65481,528.25,12.08334164
Poly Medicure Ltd,POLYMED,Health Care Equipment & Supplies,11058.94979,845.75,77.85377993
Eris Lifesciences Ltd,ERIS,Pharmaceuticals,10826.46587,592.05,27.28718053
Housing and Urban Development Corporation Ltd,HUDCO,Specialized Finance,10676.39614,40.1,4.699460836
HEG Ltd,HEG,Electrical Components & Equipments,10653.27923,2044.8,116.6801333
Granules India Ltd,GRANULES,Pharmaceuticals,10619.76883,316.8,24.01408057
Strides Pharma Science Ltd,STAR,Pharmaceuticals,10564.33242,872.4,214.7016676
CESC Ltd,CESC,Power Generation,10359.18151,590.15,6.038019886
Edelweiss Bharat Bond ETF-April 2023 ETF,EBBETF0423,Debt,10302.87383,1120.7,
Welspun India Ltd,WELSPUNIND,Textiles,10290.06165,77.75,15.39652278
Gujarat Fluorochemicals Ltd,FLUOROCHEM,Specialty Chemicals,10288.37996,707.7,39.59904493
IDFC Ltd,IDFC,Diversified Financials,10280.14438,48.25,-7.741912629
Dilip Buildcon Ltd,DBL,Construction & Engineering,10241.11522,558.45,21.34865331
Asahi India Glass Ltd,ASAHIINDIA,Auto Parts,10138.29873,313.65,49.60002398
JM Financial Ltd,JMFINANCIL,Investment Banking & Brokerage,10117.575,79.9,12.32378924
Multi Commodity Exchange of India Ltd,MCX,Stock Exchanges & Ratings,10083.38464,1489.4,32.11711238
Firstsource Solutions Ltd,FSL,Outsourced services,10077.37937,111.8,22.79137168
Orchid Pharma Ltd,ORCHPHARMA,Pharmaceuticals,10012.75907,1858.35,-92.00351492
Fine Organic Industries Ltd,FINEORG,Specialty Chemicals,9988.155286,2449.65,45.5796882
Indiabulls Housing Finance Ltd,IBULHSGFIN,Home Financing,9963.164687,168.6,3.244225718
NBCC (India) Ltd,NBCC,Construction & Engineering,9929.700557,41.3,93.0762489
KPR Mill Ltd,KPRMILL,Textiles,9862.712696,1076.95,20.20936416
Central Depository Services (India) Ltd,CDSL,Stock Exchanges & Ratings,9686.945106,706.15,69.51080916
Cyient Ltd,CYIENT,Software Services,9681.38412,662.55,21.32205778
Aster DM Healthcare Ltd,ASTERDM,Hospitals & Diagnostic Centres,9677.045623,142.95,25.96141353
Birla Corporation Ltd,BIRLACORPN,Cement,9629.872,922.1,14.05570895
Birlasoft Ltd,BSOFT,IT Services & Consulting,9493.761263,256.85,31.53252398
Brookfield India Real Estate Trust REIT,BIRET,Real Estate,9411.01555,234.38,93.26248196
Kalyan Jewellers India Ltd,KALYANKJIL,"Precious Metals, Jewellery & Watches",9365.711677,68.35,40.11620628
Punjab & Sind Bank,PSB,Public Banks,9336.72168,17.35,-1.108433641
UTI Asset Management Company Ltd,UTIAMC,Asset Management,9241.36313,545.4,25.32920626
Vardhman Textiles Ltd,VTL,Textiles,9193.062646,1199.6,11.7348986
Capri Global Capital Ltd,CGCL,Consumer Finance,9129.772959,393.75,42.76812793
Lakshmi Machine Works Ltd,LAXMIMACH,Industrial Machinery,9026.683325,6449.1,248.0941134
Radico Khaitan Ltd,RADICO,Alcoholic Beverages,8965.7855,511.05,29.76815288
Johnson Controls-Hitachi Air Conditioning India Ltd,JCHAC,Home Electronics & Appliances,8951.554341,2498.05,81.31711694
Fertilisers And Chemicals Travancore Ltd,FACT,Fertilizers & Agro Chemicals,8949.134889,104.85,6.95480323
EPL Ltd,EPL,Packaging,8880.100417,212.6,32.3604918
Trident Ltd,TRIDENT,Textiles,8770.189081,13.4,19.64588175
NLC India Ltd,NLCINDIA,Metals - Diversified,8742.83186,47.95,4.61291864
Narayana Hrudayalaya Ltd,NH,Hospitals & Diagnostic Centres,8715.273038,411.95,70.7984469
Vakrangee Ltd,VAKRANGEE,Outsourced services,8605.372162,62.7,93.1750416
PVR Ltd,PVR,Theatres,8543.375262,1087.35,199.0545414
SBI Nifty 50 ETF,SETFNIF50,Equity,8474.875,147.04,
Bajaj Consumer Care Ltd,BAJAJCON,FMCG - Personal Products,8359.154198,269.95,21.55099859
Sunteck Realty Ltd,SUNTECK,Real Estate,8359.08234,271.35,37.97878757
Astrazeneca Pharma India Ltd,ASTRAZEN,Pharmaceuticals,8287,3389.95,117.3642847
Rashtriya Chemicals and Fertilizers Ltd,RCF,Fertilizers & Agro Chemicals,8271.109886,71.75,19.11052053
Hathway Cable and Datacom Ltd,HATHWAY,Cable & D2H,8234.288685,22.25,37.96859648
IndoStar Capital Finance Ltd,INDOSTAR,Consumer Finance,8136.423292,315.2,-8.967418153
Hemisphere Properties India Ltd,HEMIPROP,Real Estate,8109.098954,136.3,-2556.073355
Nippon India Nifty Bank Bees ETF,BANKBEES,Equity,8039.655177,309.68,
Home First Finance Company India Ltd,HOMEFIRST,Home Financing,8038.893561,442.6,25.3057073
Welspun Corp Ltd,WELCORP,Iron & Steel,8027.619,148,6.126613366
Maharashtra Scooters Ltd,MAHSCOOTER,Two Wheelers,7892.009067,3359.15,21.3374134
Suprajit Engineering Ltd,SUPRAJIT,Auto Parts,7846.337537,271.6,36.54580439
Valiant Organics Ltd,VALIANTORG,Commodity Chemicals,7823.767299,1386.2,36.05054207
Mahindra Logistics Ltd,MAHLOG,Logistics,7822.853893,519.75,67.41330059
Kama Holdings Ltd,KAMAHOLD,,7822.853893,5769.15,7.020746436
Tasty Bite Eatables Ltd,TASTYBITE,Packaged Foods & Meats,7815.691308,14445.35,90.7387224
Railtel Corporation of India Ltd,RAILTEL,Communication & Networking,7774.0845,114.2,25.98452044
IRB Infrastructure Developers Ltd,IRB,Construction & Engineering,7702.428875,104.15,5.077756777
Network18 Media & Investments Ltd,NETWORK18,Movies & TV Serials,7637.907694,34.95,-15.29347593
Spandana Sphoorty Financial Ltd,SPANDANA,Consumer Finance,7624.515686,567.85,10.01287932
Sudarshan Chemical Industries Ltd,SUDARSCHEM,Diversified Chemicals,7620.582214,526.3,25.21056025
Nesco Ltd,NESCO,Real Estate,7612.254461,506.5,15.25778954
Hinduja Global Solutions Ltd,HGS,Outsourced services,7595.697079,1700.7,17.56152429
Moil Ltd,MOIL,Mining - Manganese,7592.217435,148.5,14.80503382
Praj Industries Ltd,PRAJIND,Construction & Engineering,7585.115694,191.95,49.85574292
Gulf Oil Lubricants India Ltd,GULFOILLUB,Commodity Chemicals,7510.621021,699.6,17.25475885
HMT Ltd,HMT,Industrial Machinery,7508.582488,29.2,4.184054434
Tata Steel Long Products Ltd,TATASTLLP,Iron & Steel,7434,777.85,-4.757354136
Jindal Stainless Ltd,JSL,Iron & Steel,7410.49295,71.5,48.44477187
Indiabulls Real Estate Ltd,IBREALEST,Real Estate,7379.2675,77.1,28.91790336
Can Fin Homes Ltd,CANFINHOME,Home Financing,7356.765406,512.15,18.13163306
Isgec Heavy Engineering Ltd,ISGEC,,7290.919637,472.45,23.72559555
Nippon India Nifty 50 Bees ETF,NIFTYBEES,Equity,7104.68709,154.08,
IOL Chemicals and Pharmaceuticals Ltd,IOLCP,Commodity Chemicals,7100.663047,583.95,9.194679286
Caplin Point Laboratories Ltd,CAPLIPOINT,Pharmaceuticals,7099.373658,450.55,15.84893448
Mishra Dhatu Nigam Ltd,MIDHANI,Metals - Diversified,7097.063924,180.5,21.38557425
Orient Refractories Ltd,ORIENTREF,Cement,7040.412645,281.2,38.88930936
Privi Speciality Chemicals Ltd,PRIVISCL,Specialty Chemicals,7031.378918,864.1,120.0015414
Century Plyboards (India) Ltd,CENTURYPLY,Wood Products,6919.577774,292.15,43.37584248
Jindal Poly Films Ltd,JINDALPOLY,Packaging,6914.976833,766.65,7.104966523
Dhanuka Agritech Ltd,DHANUKA,Fertilizers & Agro Chemicals,6913.469942,719.75,24.22502738
Gujarat State Fertilizers and Chemicals Ltd,GSFC,Fertilizers & Agro Chemicals,6901.860853,83.3,30.28851013
Apollo Tricoat Tubes Ltd,APOLLOTRI,,6901.860853,1081.85,74.36758755
Redington (India) Ltd,REDINGTON,Technology Hardware,6893.073307,167.35,12.6382051
Techno Electric & Engineering Company Ltd,TECHNOE,Construction & Engineering,6889.57353,298.15,18.5351082
Aarti Drugs Ltd,AARTIDRUGS,Pharmaceuticals,6836.22,696.05,46.1529769
Mangalore Refinery and Petrochemicals Ltd,MRPL,Oil & Gas - Refining & Marketing,6826.372236,36,-1.881808084
Mastek Ltd,MASTEK,IT Services & Consulting,6826.006183,1296.4,28.73746707
TCI Express Ltd,TCIEXP,Logistics,6819.488512,842.8,36.26747074
Swan Energy Ltd,SWANENERGY,Textiles,6792.418778,130.95,-547.6961327
Bharat 22 ETF,ICICIB22,Equity,6790.619507,33.8,
Phillips Carbon Black Ltd,PHILIPCARB,Commodity Chemicals,6784.549647,185.3,11.14437461
Kotak Nifty Bank ETF,KOTAKBKETF,Equity,6727.451268,311.27,
Kaveri Seed Company Ltd,KSCL,Seeds,6708.924805,533.15,12.70445368
PNB Housing Finance Ltd,PNBHOUSING,Home Financing,6704.643361,365.3,9.486809006
ICRA Ltd,ICRA,Stock Exchanges & Ratings,6694.580598,3278.45,32.89777321
Triveni Turbine Ltd,TRITURBINE,Heavy Electrical Equipments,6648.92254,97.3,25.8315188
Neuland Laboratories Ltd,NEULANDLAB,Pharmaceuticals,6642.473363,2420.65,192.6438538
Prism Johnson Ltd,PRSMJOHNSN,Cement,6641.790073,119.5,3645.521898
Westlife Development Ltd,WESTLIFE,Restaurants & Cafes,6622.202061,403.9,-856.6018228
SeQuent Scientific Ltd,SEQUENT,Pharmaceuticals,6612.455011,245.15,86.8320511
Avanti Feeds Ltd,AVANTIFEED,Packaged Foods & Meats,6609.956739,451.95,17.77142558
CCL Products India Ltd,CCL,Tea & Coffee,6603.321276,232.7,18.65469265
MMTC Ltd,MMTC,Commodities Trading,6577.5,40.25,-22.05721175
PNC Infratech Ltd,PNCINFRA,Construction & Engineering,6548.162187,239.2,11.15935337
Jindal Stainless (Hisar) Ltd,JSLHISAR,Iron & Steel,6520.542308,131,7.867091846
Balaji Amines Ltd,BALAMINES,Specialty Chemicals,6473.881805,1854,57.31462074
IRB InvIT Fund,IRBINVIT,Roads,6469.079462,52.35,17.59666285
Orient Electric Ltd,ORIENTELEC,Home Electronics & Appliances,6452.561116,291.35,78.63170441
ABB Power Products and Systems India Ltd,POWERINDIA,Heavy Electrical Equipments,6429.300098,1454.7,61.77070064
Equitas Small Finance Bank Ltd,EQUITASBNK,Private Banks,6419.832939,52.05,21.99739481
Sundaram Clayton Ltd,SUNCLAYLTD,Auto Parts,6415.088351,2944.95,17.67396735
Tata Steel BSL Ltd,TATASTLBSL,Iron & Steel,6413.024239,54.5,-9.481546412
Allcargo Logistics Ltd,ALLCARGO,Logistics,6392.300608,123.1,13.56283363
Elgi Equipments Ltd,ELGIEQUIP,Industrial Machinery,6384.591953,191.6,142.6282021
Bharat Dynamics Ltd,BDL,Aerospace & Defense Equipments,6307.624219,333.85,11.43923076
Zensar Technologies Ltd,ZENSARTECH,IT Services & Consulting,6302.702661,269.45,23.04583541
Gujarat Ambuja Exports Ltd,GAEL,Agro Products,6291.948747,131.75,20.71687776
GMM Pfaudler Ltd,GMMPFAUDLR,Industrial Machinery,6283.551638,4058.35,83.40071858
CEAT Ltd,CEATLTD,Tires & Rubber,6269.359759,1445.75,25.28896022
Mahindra CIE Automotive Ltd,MAHINDCIE,Auto Parts,6202.854343,158.15,56.33523384
Edelweiss Bharat Bond ETF-April 2030 ETF,EBBETF0430,Debt,6189.052022,1143.67,
Meghmani Organics Ltd,MEGH,Commodity Chemicals,6182.024601,118.35,12.53303638
Magma Fincorp Ltd,MAGMA,Consumer Finance,6180.405603,111.5,111.0547312
Shilpa Medicare Ltd,SHILPAMED,Pharmaceuticals,6165.262262,368.3,19.23163832
MTAR Technologies Ltd,MTARTECH,Industrial Machinery,6157.621248,967.15,84.90551932
INOX Leisure Ltd,INOXLEISUR,Theatres,6146.834533,263.6,180.3495238
TCNS Clothing Co Ltd,TCNSBRANDS,Apparel & Accessories,6136.416827,480,42.45393189
Sonata Software Ltd,SONATSOFTW,IT Services & Consulting,6135.778088,573,21.48971002
Paisalo Digital Ltd,PAISALO,Consumer Finance,6118.844531,698.25,53.46360329
Gujarat Alkalies And Chemicals Ltd,GUJALKALI,Commodity Chemicals,6079.338579,401.95,8.888902935
TeamLease Services Ltd,TEAMLEASE,Employment Services,6069.995595,3349.8,163.7711089
Rail Vikas Nigam Ltd,RVNL,Specialized Finance,6067.408491,27.05,7.487029564
Saregama India Ltd,SAREGAMA,Movies & TV Serials,6064.887547,1691.75,67.06264866
Edelweiss Financial Services Ltd,EDELWEISS,Diversified Financials,6058.12882,64.6,-2.806807673
Borosil Renewables Ltd,BORORENEW,Health Care Equipment & Supplies,6050.92701,223.65,11700.64904
India Tourism Development Corp Ltd,ITDC,Tour & Travel Services,6037.5,337.1,138.537924
Craftsman Automation Ltd,CRAFTSMAN,Industrial Machinery,6015.111131,1366,66.90872833
DCB Bank Ltd,DCBBANK,Private Banks,6007.1454,92.3,8.466623458
Ge T&D India Ltd,GET&D,Heavy Electrical Equipments,5994.386889,111.1,-9.402026057
Chalet Hotels Ltd,CHALET,"Hotels, Resorts & Cruise Lines",5959.246736,137.75,28.34692087
Greaves Cotton Ltd,GREAVESCOT,Industrial Machinery,5958.247872,122.15,22.47881475
KNR Constructions Ltd,KNRCON,Construction & Engineering,5956.548828,199.7,21.15387637
Indoco Remedies Ltd,INDOCO,Pharmaceuticals,5932.293113,304.95,116.5543374
ELANTAS Beck India Ltd,ELANTAS,,5932.293113,3538.8,45.42164035
Infibeam Avenues Ltd,INFIBEAM,IT Services & Consulting,5931.437787,42.75,52.56981644
Nilkamal Ltd,NILKAMAL,Plastic Products,5929.943291,1869.8,19.63832858
Just Dial Ltd,JUSTDIAL,Online Services,5911.551832,860,20.47451166
E.I.D-Parry (India) Ltd,EIDPARRY,Sugar,5905.479228,311.05,11.76700554
India Cements Ltd,INDIACEM,Cement,5874.101445,169.85,104.9363054
Nocil Ltd,NOCIL,Commodity Chemicals,5848.072051,167.4,21.20362325
RITES Ltd,RITES,Business Support Services,5835.731326,235.75,9.566223016
Finolex Cables Ltd,FINCABLES,Cables,5820.106774,359.8,14.07354893
SIS Ltd,SIS,,5810.462878,370.85,24.11762496
Rossari Biotech Ltd,ROSSARI,Specialty Chemicals,5785.45334,1045.05,58.26087283
ESAB India Ltd,ESABINDIA,Industrial Machinery,5755.222379,1803.2,38.86947719
EIH Ltd,EIHOTEL,"Hotels, Resorts & Cruise Lines",5750.223653,87.25,34.16960938
Kalpataru Power Transmission Ltd,KALPATPOWR,Power Infrastructure,5730.77087,366.45,14.49358426
Varroc Engineering Ltd,VARROC,Auto Parts,5725.67034,355.55,25227.49447
Tata Metaliks Ltd,TATAMETALI,Iron & Steel,5720.994118,874.65,14.80237737
Prince Pipes and Fittings Ltd,PRINCEPIPE,Building Products - Pipes,5705.935862,474.5,42.17904699
Jamna Auto Industries Ltd,JAMNAAUTO,Auto Parts,5666.345595,68.25,56.74539792
Mahindra Holidays and Resorts India Ltd,MHRIL,"Hotels, Resorts & Cruise Lines",5665.116986,204.35,-20.5683566
Rain Industries Ltd,RAIN,Metals - Coke,5662.379506,150.75,9.081325301
JK Tyre & Industries Ltd,JKTYRE,Tires & Rubber,5639.97937,107.8,17.60658587
Suryoday Small Finance Bank Ltd,SURYODAY,Private Banks,5616.254962,250,18.90644539
Brigade Enterprises Ltd,BRIGADE,Real Estate,5613.466422,255.8,40.02880628
Equitas Holdings Ltd,EQUITAS,Consumer Finance,5579.799024,77.55,12.94808496
Garware Technical Fibres Ltd,GARFIBRES,Textiles,5562.163451,2592.5,40.3651918
Anupam Rasayan India Ltd,ANURAS,Specialty Chemicals,5548.19076,553.65,52.26071361
Godawari Power and Ispat Ltd,GPIL,Iron & Steel,5532.203178,751.1,15.86877631
Thyrocare Technologies Ltd,THYROCARE,Hospitals & Diagnostic Centres,5514.499566,1055.3,63.04547036
V-mart Retail Ltd,VMART,Retail - Department Stores,5512.20232,2762.15,101.5254561
National Fertilizers Ltd,NFL,Fertilizers & Agro Chemicals,5508.769872,53.2,-14.41443217
Alembic Ltd,ALEMBICLTD,Pharmaceuticals,5502.757633,101.4,8.814249444
BSE Ltd,BSE,Stock Exchanges & Ratings,5499.770695,575.3,22.77610653
Heidelbergcement India Ltd,HEIDELBERG,Cement,5468.174489,231.6,19.5790486
Barbeque-Nation Hospitality Ltd,BARBEQUE,Restaurants & Cafes,5456.777927,688.35,-59.47969019
Uflex Ltd,UFLEX,Packaging,5456.302488,357.5,6.987614746
Sharda Cropchem Ltd,SHARDACROP,Fertilizers & Agro Chemicals,5443.132289,284.35,15.57915695
Future Retail Ltd,FRETAIL,Retail - Department Stores,5432.320452,47.15,209.871879
HLE Glascoat Ltd,HLEGLAS,Industrial Machinery,5426.880902,2328.2,59.15197587
Century Textile and Industries Ltd,CENTURYTEX,Cement,5416.123523,455.35,22.7114113
Heranba Industries Ltd,HERANBA,,5395.170809,637.75,25.48424597
Jyothy Labs Ltd,JYOTHYLAB,FMCG - Household Products,5388.786851,140.5,30.28813812
Mahindra Lifespace Developers Ltd,MAHLIFE,Real Estate,5345.260313,496.55,-13.18465613
Jubilant Ingrevia Ltd,JUBLINGREA,Pharmaceuticals,5334.293326,309,-90.88235294
Lemon Tree Hotels Ltd,LEMONTREE,"Hotels, Resorts & Cruise Lines",5320.984432,32,-265.2021062
Burger King India Ltd,BURGERKING,Restaurants & Cafes,5317.672357,132.55,-46.98303527
BEML Ltd,BEML,Rail,5276.566372,1169.65,76.34604558
Wockhardt Ltd,WOCKPHARMA,Pharmaceuticals,5264.874296,439.6,-70.30970974
Polyplex Corp Ltd,POLYPLEX,Commodity Chemicals,5263.603959,800.1,9.073492576
Ujjivan Small Finance Bank Ltd,UJJIVANSFB,Private Banks,5262.628239,29.1,13.17467349
Kirloskar Ferrous Industries Ltd,KIRLFER,Iron & Steel,5248.359767,180.3,22.09994975
F D C Ltd,FDC,Pharmaceuticals,5246.617411,302.55,21.97779273
Rallis India Ltd,RALLIS,Fertilizers & Agro Chemicals,5234.130174,256.6,26.99698679
Sterling and Wilson Solar Ltd,SWSOLAR,Renewable Energy Equipment & Services,5229.3396,302.55,15.6470855
JK Lakshmi Cement Ltd,JKLAKSHMI,Cement,5223.96258,407.05,19.31371608
KPIT Technologies Ltd,KPITTECH,IT Services & Consulting,5222.1355,187.1,34.29435978
Bhansali Engg Polymers Ltd,BEPL,Commodity Chemicals,5220.722265,149.7,37.0632358
shipping corporation of India Ltd,SCI,Logistics,5216.948912,101.2,14.00940912
VST Industries Ltd,VSTIND,FMCG - Tobacco,5205.007974,3321.9,16.86885924
Tata Investment Corporation Ltd,TATAINVEST,Asset Management,5188.800581,1004.75,56.15954889
Indo Count Industries Ltd,ICIL,Textiles,5171.365546,125.5,33.57774273
Deepak Fertilisers and Petrochemicals Corp Ltd,DEEPAKFERT,Fertilizers & Agro Chemicals,5159.281448,240.6,25.23685101
PTC India Ltd,PTC,Power Trading & Consultancy,5129.651405,83.05,6.688475326
Laxmi Organic Industries Ltd,LXCHEM,Specialty Chemicals,5115.057796,181.25,61.4828406
Ashoka Buildcon Ltd,ASHOKA,Construction & Engineering,5107.349091,87.35,14.83165367
Bannari Amman Sugars Ltd,BANARISUG,Sugar,5076.395181,1609.85,21.10952216
Jaiprakash Power Ventures Ltd,JPPOWER,Renewable Energy,5070.411111,2.95,-0.875707985
JTEKT India Ltd,JTEKTINDIA,Auto Parts,5033.805008,82.25,66.43052057
Orient Cement Ltd,ORIENTCEM,Cement,5029.309746,96.6,22.85523201
AGC Networks Ltd,AGCNET,IT Services & Consulting,5014.807077,1464.6,105.9186788
Reliance Industries Ltd,RELIANCE,Oil & Gas - Refining & Marketing,1252979.878,1911.15,30.06373241
Reliance Industries Ltd. - Partly Paid Up,RELIANCEPP,Oil & Gas - Refining & Marketing,1252979.878,980,
Tata Consultancy Services Ltd,TCS,IT Services & Consulting,1200915.524,3246.55,37.66946372
HDFC Bank Ltd,HDFCBANK,Private Banks,753624.109,1367.05,27.41202533
Infosys Ltd,INFY,IT Services & Consulting,605140.2603,1425.75,36.8453687
Hindustan Unilever Ltd,HINDUNILVR,FMCG - Household Products,578463.597,2462,78.97899
Housing Development Finance Corporation Ltd,HDFC,Home Financing,436527.9776,2419.85,19.49403309
ICICI Bank Ltd,ICICIBANK,Private Banks,372501.3551,538.55,36.36628932
Kotak Mahindra Bank Ltd,KOTAKBANK,Private Banks,345845.8651,1742.5,38.74779242
State Bank of India,SBIN,Public Banks,293485.8503,328.85,14.84666226
Bharti Airtel Ltd,BHARTIARTL,Telecom Services,286755.1125,522.45,-7.96131055
HCL Technologies Ltd,HCLTECH,IT Services & Consulting,273917.3548,1009.4,24.76815287
Bajaj Finance Ltd,BAJFINANCE,Consumer Finance,271366.2534,4511,50.42640926
ITC Ltd,ITC,FMCG - Tobacco,252700.5721,205.3,16.46483864
Asian Paints Ltd,ASIANPAINT,Paints,249602.4489,2602.2,92.26867403
Wipro Ltd,WIPRO,IT Services & Consulting,236158.7516,432.6,26.13516789
Maruti Suzuki India Ltd,MARUTI,Four Wheelers,196974.3239,6520.6,34.7030169
Axis Bank Ltd,AXISBANK,Private Banks,194734.707,635.6,92.49255242
Larsen & Toubro Ltd,LT,Construction & Engineering,188933.7558,1345.15,19.76811669
UltraTech Cement Ltd,ULTRACEMCO,Cement,187760.4059,6509.4,31.52739869
Avenue Supermarts Ltd,DMART,Retail - Department Stores,182342.0978,2814.9,137.5840224
Adani Green Energy Ltd,ADANIGREEN,Renewable Energy,169797.2103,1085.65,-7309.39347
Nestle India Ltd,NESTLEIND,FMCG - Foods,168743.8937,17501.7,81.03389203
Adani Ports and Special Economic Zone Ltd,ADANIPORTS,Ports,151294.3949,744.65,40.59224871
Sun Pharmaceutical Industries Ltd,SUNPHARMA,Pharmaceuticals,148602.8114,619.35,39.47027205
Bajaj Finserv Ltd,BAJAJFINSV,Insurance,145559.9182,9163.15,43.28084863
JSW Steel Ltd,JSWSTEEL,Iron & Steel,145344.3738,604.15,45.14951566
HDFC Life Insurance Company Ltd,HDFCLIFE,Insurance,138862.376,687.3,106.9037276
Titan Company Ltd,TITAN,"Precious Metals, Jewellery & Watches",134095.6605,1510.45,89.3143424
Hindustan Zinc Ltd,HINDZINC,Mining - Diversified,124287.7584,294.15,18.26418198
Oil and Natural Gas Corporation Ltd,ONGC,Oil & Gas - Exploration & Production,123349.6376,98.05,11.30908915
Adani Enterprises Ltd,ADANIENT,Commodities Trading,118163.5953,1074.4,103.8189333
Adani Total Gas Ltd,ATGL,Gas Distribution,108908.6935,990.25,249.6073833
Shree Cement Ltd,SHREECEM,Cement,107813.0635,29881.05,69.24360197
Power Grid Corporation of India Ltd,POWERGRID,Power Transmission & Distribution,105233.4258,201.15,9.515292491
Bajaj Auto Ltd,BAJAJ-AUTO,Two Wheelers,102464.8618,3541,19.65975272
Tata Steel Ltd,TATASTEEL,Iron & Steel,102080.6995,851.55,65.8641391
Adani Transmission Ltd,ADANITRANS,Power Infrastructure,101721.4346,924.9,137.1241468
Tata Motors Ltd - DVR,TATAMTRDVR,Four Wheelers,101609.0333,127.15,
Tata Motors Ltd,TATAMOTORS,Four Wheelers,101609.0333,286.55,-7.697758251
Tech Mahindra Ltd,TECHM,IT Services & Consulting,100693.7344,1039.85,22.67424552
Divi's Laboratories Ltd,DIVISLAB,Labs & Life Sciences Services,100337.8318,3779.65,72.89133032
Dabur India Ltd,DABUR,FMCG - Personal Products,98047.92124,554.75,67.8264002
NTPC Ltd,NTPC,Power Generation,96045.47806,99.05,8.448590231
Pidilite Industries Ltd,PIDILITIND,Diversified Chemicals,93972.80456,1849.3,84.15639005
Britannia Industries Ltd,BRITANNIA,FMCG - Foods,91837.05956,3812.75,65.34578153
SBI Cards and Payment Services Ltd,SBICARD,Payment Infrastructure,90661.95133,890.45,63.52771046
Grasim Industries Ltd,GRASIM,Cement,90399.59698,1376.6,20.46030651
Mahindra and Mahindra Ltd,M&M,Four Wheelers,89655.29947,751.5,649.6612072
SBI Life Insurance Company Ltd,SBILIFE,Insurance,87251.18637,872.45,61.34676838
Bharat Petroleum Corporation Ltd,BPCL,Oil & Gas - Refining & Marketing,85874.66888,403.95,26.00417974
Dr.Reddy's Laboratories Ltd,DRREDDY,Pharmaceuticals,82919.35182,4996.95,40.97178736
Indian Oil Corporation Ltd,IOC,Oil & Gas - Refining & Marketing,81903.18262,87,-89.43172633
Vedanta Ltd,VEDL,Metals - Diversified,78981.89087,213.2,-11.90132053
Coal India Ltd,COALINDIA,Mining - Coal,76849.22224,124.7,4.597843045
Hindalco Industries Ltd,HINDALCO,Metals - Aluminium,75335.64809,336.2,19.84747495
Larsen & Toubro Infotech Ltd,LTI,IT Services & Consulting,74404.44012,4257.75,48.68596839
Godrej Consumer Products Ltd,GODREJCP,FMCG - Personal Products,73148.66797,715.4,48.86550479
Cipla Ltd,CIPLA,Pharmaceuticals,72775.2463,902.4,47.02854096
Berger Paints India Ltd,BERGEPAINT,Paints,70729.70459,728.2,107.509307
Eicher Motors Ltd,EICHERMOT,Trucks & Buses,66346.28675,2427.2,36.23328833
Indus Towers Ltd,INDUSTOWER,Telecom Infrastructure,65455.95504,242.9,13.61960296
Indusind Bank Ltd,INDUSINDBK,Private Banks,65303.55693,844.4,12.27550159
ICICI Prudential Life Insurance Company Ltd,ICICIPRULI,Insurance,63714.84218,443.7,59.70823286
Motherson Sumi Systems Ltd,MOTHERSUMI,Auto Parts,63379.74014,200.7,54.16608849
Havells India Ltd,HAVELLS,Electrical Components & Equipments,62202.74284,993.7,84.5442787
Siemens Ltd,SIEMENS,Conglomerates,61599.90111,1729.75,81.42749651
ICICI Lombard General Insurance Company Ltd,ICICIGI,Insurance,61418.39578,1351.05,51.42626579
Interglobe Aviation Ltd,INDIGO,Airlines,61346.9558,1593.8,-262.3151164
Info Edge (India) Ltd,NAUKRI,Online Services,61118.34995,4751.1,-244.2213966
DLF Ltd,DLF,Real Estate,61041.18667,246.6,-98.99631343
HDFC Asset Management Company Ltd,HDFCAMC,Asset Management,60579.08184,2844.7,47.92692664
Ambuja Cements Ltd,AMBUJACEM,Cement,60423.18432,304.3,25.54416274
Tata Consumer Products Ltd,TATACONSUM,Tea & Coffee,60416.93044,655.6,110.703188
GAIL (India) Ltd,GAIL,Gas Distribution,58946.11386,132.75,6.354469916
Hero MotoCorp Ltd,HEROMOTOCO,Two Wheelers,55660.76626,2786.1,15.29575693
Aurobindo Pharma Ltd,AUROPHARMA,Pharmaceuticals,53625.1015,915.2,18.94156298
Bandhan Bank Ltd,BANDHANBNK,Private Banks,52755.44005,327.55,15.18374607
Marico Ltd,MARICO,FMCG - Personal Products,52558.59529,407.4,51.51121081
Cadila Healthcare Ltd,CADILAHC,Pharmaceuticals,51156.41772,499.7,43.47817246
Biocon Ltd,BIOCON,Biotechnology,48041.55634,404.3,64.8436247
Lupin Ltd,LUPIN,Pharmaceuticals,47416.3791,1045.15,-175.6514298
Muthoot Finance Ltd,MUTHOOTFIN,Consumer Finance,46536.71332,1159.95,14.81611253
UPL Ltd,UPL,Fertilizers & Agro Chemicals,45044.29986,589.55,25.36185163
Torrent Pharmaceuticals Ltd,TORNTPHARM,Pharmaceuticals,43249.94278,2555.8,42.20659573
Apollo Hospitals Enterprise Ltd,APOLLOHOSP,Hospitals & Diagnostic Centres,43176.65206,3004.75,91.91651814
Procter & Gamble Hygiene and Health Care Ltd,PGHH,FMCG - Personal Products,42782.27623,13179.7,98.78608162
Colgate-Palmolive (India) Ltd,COLPAL,FMCG - Personal Products,42408.00005,1559.2,51.94130766
Gland Pharma Ltd,GLAND,Pharmaceuticals,42241.32865,2582.1,28.47283341
Cholamandalam Investment and Finance Company Ltd,CHOLAFIN,Consumer Finance,41891.49456,510.85,38.8495172
Bosch Ltd,BOSCHLTD,Auto Parts,40353.05078,13681.95,62.12940844
Jindal Steel And Power Ltd,JINDALSTEL,Iron & Steel,39678.62127,389,-354.1803399
NMDC Ltd,NMDC,Mining - Iron Ore,39343.38354,134.25,11.50455971
Honeywell Automation India Ltd,HONAUT,Electronic Equipments,38249.35686,43261.05,77.82484915
United Spirits Ltd,MCDOWELL-N,Alcoholic Beverages,37469.12534,515.65,56.86617899
PI Industries Ltd,PIIND,Diversified Chemicals,37381.86385,2465.55,74.55471241
SRF Ltd,SRF,Textiles,37083.64739,6122.95,35.14857731
Gujarat Gas Ltd,GUJGASLTD,Gas Distribution,36832.31364,535.05,30.72380644
Bajaj Holdings and Investment Ltd,BAJAJHLDNG,Asset Management,36503.71481,3279.95,12.20043944
Piramal Enterprises Ltd,PEL,Diversified Financials,36487.52038,1630.1,1405.816309
IDBI Bank Ltd,IDBI,Public Banks,36343.11935,33.8,-2.385428103
Yes Bank Ltd,YESBANK,Private Banks,36204.33914,14.45,-0.653600386
Indraprastha Gas Ltd,IGL,Gas Distribution,36165.54133,516.65,28.95582938
Jubilant Foodworks Ltd,JUBLFOOD,Restaurants & Cafes,35944.36657,2729.4,128.6553194
Adani Power Ltd,ADANIPOWER,Power Generation,35792.39337,92.8,-15.73451091
Punjab National Bank,PNB,Public Banks,35571.73115,33.95,43.91011083
ACC Ltd,ACC,Cement,35411.04418,1885.7,24.83722084
MindTree Ltd,MINDTREE,IT Services & Consulting,35291.20987,2142.5,55.82727209
Godrej Properties Ltd,GODREJPROP,Real Estate,35283.48061,1269.45,114.3382997
Steel Authority of India Ltd,SAIL,Iron & Steel,34985.5492,84.7,16.49709258
General Insurance Corporation of India,GICRE,Insurance,34447.644,196.35,-184.7653079
Container Corporation of India Ltd,CONCOR,Logistics,34440.36302,565.25,85.14936342
Hindustan Petroleum Corp Ltd,HINDPETRO,Oil & Gas - Refining & Marketing,34195.19578,226.4,13.08025243
Bank of Baroda Ltd,BANKBARODA,Public Banks,34182.704,66.1,25.98194078
AU Small Finance Bank Ltd,AUBANK,Consumer Finance,33609.77143,1076.5,47.5793292
MRF Ltd,MRF,Tires & Rubber,33601.66414,79227.85,23.62056022
Petronet LNG Ltd,PETRONET,Oil & Gas - Storage & Transportation,33262.50195,221.75,12.30417815
Ashok Leyland Ltd,ASHOKLEY,Trucks & Buses,32921.9384,112.15,97.78696765
Shriram Transport Finance Company Ltd,SRTRANSFIN,Consumer Finance,32920.77223,1300.9,12.0121976
Alkem Laboratories Ltd,ALKEM,Pharmaceuticals,32827.16858,2745.55,29.12611335
Mphasis Ltd,MPHASIS,IT Services & Consulting,32547.06236,1740.1,27.37310814
Hindustan Aeronautics Ltd,HAL,Aerospace & Defense Equipments,32014.25925,957.4,11.14248696
Abbott India Ltd,ABBOTINDIA,Pharmaceuticals,31979.56203,15049.7,53.9348018
Page Industries Ltd,PAGEIND,Apparel & Accessories,31449.01698,28195.6,91.63199492
Voltas Ltd,VOLTAS,Home Electronics & Appliances,31443.97684,950.3,60.77532869
IDFC First Bank Ltd,IDFCFIRSTB,Private Banks,31335.71002,50.55,-8.525990808
Kansai Nerolac Paints Ltd,KANSAINER,Paints,31157.64361,578.15,59.80239076
Balkrishna Industries Ltd,BALKRISIND,Tires & Rubber,31050.60706,1606.2,32.35617888
Tata Communications Ltd,TATACOMM,Telecom Services,30624.675,1074.55,-356.2665775
Astral Poly Technik Ltd,ASTRAL,Building Products - Pipes,30435.51777,1514.9,122.3898792
L&T Technology Services Ltd,LTTS,Software Services,29819.35778,2838.7,36.15560624
Bharat Electronics Ltd,BEL,Electronic Equipments,29702.06798,121.9,16.28536775
Tata Power Company Ltd,TATAPOWER,Power Transmission & Distribution,29461.03062,92.2,24.52334228
Embassy Office Parks REIT,EMBASSY,Real Estate,29361.95658,309.76,31.2244457
Max Financial Services Ltd,MFSL,Insurance,29308.51935,849.3,157.8328676
3M India Ltd,3MINDIA,Stationery,28789.51982,25556.45,89.35849469
Oracle Financial Services Software Ltd,OFSS,Software Services,28717.67622,3336.85,19.58673796
United Breweries Ltd,UBL,Alcoholic Beverages,28665.48423,1084.15,67.01770797
Varun Beverages Ltd,VBL,Soft Drinks,28548.42752,988.9,86.7759735
ABB India Ltd,ABB,Heavy Electrical Equipments,27748.34216,1309.45,126.5776032
Dalmia Bharat Ltd,DALBHARAT,Cement,27688.71399,1479.75,127.468937
Power Finance Corporation Ltd,PFC,Specialized Finance,27654.85275,104.75,3.88294692
Dr. Lal PathLabs Ltd,LALPATHLAB,Hospitals & Diagnostic Centres,27556.38327,3336.55,123.0655422
Aditya Birla Capital Ltd,ABCAPITAL,Diversified Financials,27413.40505,113.5,28.47535473
Whirlpool of India Ltd,WHIRLPOOL,Home Electronics & Appliances,27351.02911,2155.8,55.79598645
IPCA Laboratories Ltd,IPCALAB,Pharmaceuticals,27310.62481,2152.95,44.86571003
Indian Railway Finance Corp Ltd,IRFC,Specialized Finance,27247.83501,20.85,6.002721556
Bharat Forge Ltd,BHARATFORG,Iron & Steel,27050.69952,581,77.35397628
TVS Motor Company Ltd,TVSMOTOR,Two Wheelers,26984.94808,538.9,40.98883253
Sundaram Finance Ltd,SUNDARMFIN,Consumer Finance,26852.18714,2437.1,34.20432565
Indian Overseas Bank,IOB,Public Banks,26463.5512,16.1,-2.414663602
Indian Railway Catering and Tourism Corporation Ltd,IRCTC,Online Services,25312,1582,47.88769699
Trent Ltd,TRENT,Retail - Apparel,25266.27129,710.75,199.0783632
Vodafone Idea Ltd,IDEA,Telecom Services,25143.46559,8.75,-0.221899853
Supreme Industries Ltd,SUPREMEIND,Plastic Products,25038.26635,1971.1,53.56924764
Ramco Cements Ltd,RAMCOCEM,Cement,24851.00571,1053.5,41.07990494
REC Ltd,RECLTD,Specialized Finance,24696.34959,125.05,4.966815879
GlaxoSmithKline Pharmaceuticals Ltd,GLAXO,Pharmaceuticals,24651.11904,1455.15,264.5253679
New India Assurance Company Ltd,NIACL,Insurance,24019.60001,145.75,16.65448646
Crompton Greaves Consumer Electricals Ltd,CROMPTON,Home Electronics & Appliances,23962.1174,381.75,48.22997354
IndiaMART InterMESH Ltd,INDIAMART,Online Services,23904.5494,7885.05,153.744973
NHPC Ltd,NHPC,Renewable Energy,23555.60662,23.45,8.194366059
Aarti Industries Ltd,AARTIIND,Specialty Chemicals,23479.83772,1347.6,44.64683447
